link_text,link_url,link_title,HTTP status code,origin_url
Learn More,https://www.maximintegrated.com/en/aboutus/legal/privacy-policy.html#cookies,"Maxim Integrated - Analog, Linear, and Mixed-Signal Devices ",200,https://www.maximintegrated.com
 ,https://www.maximintegrated.com/en.html,"Maxim Integrated - Analog, Linear, and Mixed-Signal Devices ",200,https://www.maximintegrated.com
日本語,https://www.maximintegrated.com/jp.html,"Maxim Integrated - Analog, Linear, and Mixed-Signal Devices ",200,https://www.maximintegrated.com
中文,https://www.maximintegrated.com/cn.html,"Maxim Integrated - Analog, Linear, and Mixed-Signal Devices ",200,https://www.maximintegrated.com
日本語,https://www.maximintegrated.com/jp.html,"Maxim Integrated - Analog, Linear, and Mixed-Signal Devices ",200,https://www.maximintegrated.com
中文,https://www.maximintegrated.com/cn.html,"Maxim Integrated - Analog, Linear, and Mixed-Signal Devices ",200,https://www.maximintegrated.com
Products,https://www.maximintegrated.com,"Maxim Integrated - Analog, Linear, and Mixed-Signal Devices ",200,https://www.maximintegrated.com
 < Back to Main Menu ,https://www.maximintegrated.com,"Maxim Integrated - Analog, Linear, and Mixed-Signal Devices ",200,https://www.maximintegrated.com
Power,https://www.maximintegrated.com/en/products/power.html,"Maxim Integrated - Analog, Linear, and Mixed-Signal Devices ",200,https://www.maximintegrated.com
MOSFET Drivers and Controllers,https://www.maximintegrated.com/en/products/power/mosfet-drivers-controllers.html,"Maxim Integrated - Analog, Linear, and Mixed-Signal Devices ",200,https://www.maximintegrated.com
Switching Regulators,https://www.maximintegrated.com/en/products/power/switching-regulators.html,"Maxim Integrated - Analog, Linear, and Mixed-Signal Devices ",200,https://www.maximintegrated.com
Battery Management,https://www.maximintegrated.com/en/products/power/battery-management.html,"Maxim Integrated - Analog, Linear, and Mixed-Signal Devices ",200,https://www.maximintegrated.com
Isolated Power Supplies,https://www.maximintegrated.com/en/products/power/isolated-power.html,"Maxim Integrated - Analog, Linear, and Mixed-Signal Devices ",200,https://www.maximintegrated.com
Charge Pumps,https://www.maximintegrated.com/en/products/power/charge-pumps.html,"Maxim Integrated - Analog, Linear, and Mixed-Signal Devices ",200,https://www.maximintegrated.com
Linear Regulators,https://www.maximintegrated.com/en/products/power/linear-regulators.html,"Maxim Integrated - Analog, Linear, and Mixed-Signal Devices ",200,https://www.maximintegrated.com
LED Drivers,https://www.maximintegrated.com/en/products/power/led-drivers.html,"Maxim Integrated - Analog, Linear, and Mixed-Signal Devices ",200,https://www.maximintegrated.com
Motor Driver ICs,https://www.maximintegrated.com/en/products/power/motor-driver-ics.html,"Maxim Integrated - Analog, Linear, and Mixed-Signal Devices ",200,https://www.maximintegrated.com
Power Protection and Control,https://www.maximintegrated.com/en/products/power/protection-control.html,"Maxim Integrated - Analog, Linear, and Mixed-Signal Devices ",200,https://www.maximintegrated.com
Display Control and Power,https://www.maximintegrated.com/en/products/power/display-power-control.html,"Maxim Integrated - Analog, Linear, and Mixed-Signal Devices ",200,https://www.maximintegrated.com
"Voltage Supervisors, Voltage Monitors, and Sequencers",https://www.maximintegrated.com/en/products/power/supervisors-voltage-monitors-sequencers.html,"Maxim Integrated - Analog, Linear, and Mixed-Signal Devices ",200,https://www.maximintegrated.com
Power Management ICs (PMICs),https://www.maximintegrated.com/en/products/power/power-management-ics.html,"Maxim Integrated - Analog, Linear, and Mixed-Signal Devices ",200,https://www.maximintegrated.com
Power Over Ethernet,https://www.maximintegrated.com/en/products/power/power-over-ethernet.html,"Maxim Integrated - Analog, Linear, and Mixed-Signal Devices ",200,https://www.maximintegrated.com
Himalaya Power Modules,https://www.maximintegrated.com/en/products/power/power-modules.html,"Maxim Integrated - Analog, Linear, and Mixed-Signal Devices ",200,https://www.maximintegrated.com
Sensors,https://www.maximintegrated.com/en/products/sensors.html,"Maxim Integrated - Analog, Linear, and Mixed-Signal Devices ",200,https://www.maximintegrated.com
Temperature Sensor ICs,https://www.maximintegrated.com/en/products/sensors/temperature-sensor-ics.html,"Maxim Integrated - Analog, Linear, and Mixed-Signal Devices ",200,https://www.maximintegrated.com
Healthcare Sensor ICs,https://www.maximintegrated.com/en/products/sensors/healthcare-sensor-ics.html,"Maxim Integrated - Analog, Linear, and Mixed-Signal Devices ",200,https://www.maximintegrated.com
Analog,https://www.maximintegrated.com/en/products/analog.html,"Maxim Integrated - Analog, Linear, and Mixed-Signal Devices ",200,https://www.maximintegrated.com
Amplifiers,https://www.maximintegrated.com/en/products/analog/amplifiers.html,"Maxim Integrated - Analog, Linear, and Mixed-Signal Devices ",200,https://www.maximintegrated.com
Audio,https://www.maximintegrated.com/en/products/analog/audio.html,"Maxim Integrated - Analog, Linear, and Mixed-Signal Devices ",200,https://www.maximintegrated.com
Video,https://www.maximintegrated.com/en/products/analog/video-products.html,"Maxim Integrated - Analog, Linear, and Mixed-Signal Devices ",200,https://www.maximintegrated.com
Data Converters,https://www.maximintegrated.com/en/products/analog/data-converters.html,"Maxim Integrated - Analog, Linear, and Mixed-Signal Devices ",200,https://www.maximintegrated.com
Switches and Multiplexers,https://www.maximintegrated.com/en/products/analog/analog-switches-multiplexers.html,"Maxim Integrated - Analog, Linear, and Mixed-Signal Devices ",200,https://www.maximintegrated.com
Filters,https://www.maximintegrated.com/en/products/analog/analog-filters.html,"Maxim Integrated - Analog, Linear, and Mixed-Signal Devices ",200,https://www.maximintegrated.com
Voltage References,https://www.maximintegrated.com/en/products/analog/voltage-references.html,"Maxim Integrated - Analog, Linear, and Mixed-Signal Devices ",200,https://www.maximintegrated.com
Real-Time Clock,https://www.maximintegrated.com/en/products/analog/real-time-clocks.html,"Maxim Integrated - Analog, Linear, and Mixed-Signal Devices ",200,https://www.maximintegrated.com
Clock Generation and Distribution,https://www.maximintegrated.com/en/products/analog/clock-generation-distribution.html,"Maxim Integrated - Analog, Linear, and Mixed-Signal Devices ",200,https://www.maximintegrated.com
Interface,https://www.maximintegrated.com/en/products/interface.html,"Maxim Integrated - Analog, Linear, and Mixed-Signal Devices ",200,https://www.maximintegrated.com
Transceivers,https://www.maximintegrated.com/en/products/interface/transceivers.html,"Maxim Integrated - Analog, Linear, and Mixed-Signal Devices ",200,https://www.maximintegrated.com
IO-Link and Binary Drivers,https://www.maximintegrated.com/en/products/interface/io-link-transceivers.html,"Maxim Integrated - Analog, Linear, and Mixed-Signal Devices ",200,https://www.maximintegrated.com
Controllers/Expanders,https://www.maximintegrated.com/en/products/interface/controllers-expanders.html,"Maxim Integrated - Analog, Linear, and Mixed-Signal Devices ",200,https://www.maximintegrated.com
Level Translators,https://www.maximintegrated.com/en/products/interface/level-translators.html,"Maxim Integrated - Analog, Linear, and Mixed-Signal Devices ",200,https://www.maximintegrated.com
Industrial Digital I/O Interface ICs,https://www.maximintegrated.com/en/products/interface/industrial-digital-io.html,"Maxim Integrated - Analog, Linear, and Mixed-Signal Devices ",200,https://www.maximintegrated.com
Isolation ICs,https://www.maximintegrated.com/en/products/interface/isolation.html,"Maxim Integrated - Analog, Linear, and Mixed-Signal Devices ",200,https://www.maximintegrated.com
High-Speed Signaling,https://www.maximintegrated.com/en/products/interface/high-speed-signaling.html,"Maxim Integrated - Analog, Linear, and Mixed-Signal Devices ",200,https://www.maximintegrated.com
Universal Serial Bus (USB) Products,https://www.maximintegrated.com/en/products/interface/universal-serial-bus.html,"Maxim Integrated - Analog, Linear, and Mixed-Signal Devices ",200,https://www.maximintegrated.com
Signal Line Protection ICs,https://www.maximintegrated.com/en/products/interface/signal-line-protection-ics.html,"Maxim Integrated - Analog, Linear, and Mixed-Signal Devices ",200,https://www.maximintegrated.com
Signal Integrity,https://www.maximintegrated.com/en/products/interface/signal-integrity.html,"Maxim Integrated - Analog, Linear, and Mixed-Signal Devices ",200,https://www.maximintegrated.com
4-20mA Current Loop Products,https://www.maximintegrated.com/en/products/interface/current-loop-products-4-20ma.html,"Maxim Integrated - Analog, Linear, and Mixed-Signal Devices ",200,https://www.maximintegrated.com
Broadband Switches,https://www.maximintegrated.com/en/products/interface/broadband-switches.html,"Maxim Integrated - Analog, Linear, and Mixed-Signal Devices ",200,https://www.maximintegrated.com
Sensor Interface,https://www.maximintegrated.com/en/products/interface/sensor-interface.html,"Maxim Integrated - Analog, Linear, and Mixed-Signal Devices ",200,https://www.maximintegrated.com
Communications,https://www.maximintegrated.com/en/products/comms.html,"Maxim Integrated - Analog, Linear, and Mixed-Signal Devices ",200,https://www.maximintegrated.com
Wireless and RF,https://www.maximintegrated.com/en/products/comms/wireless-rf.html,"Maxim Integrated - Analog, Linear, and Mixed-Signal Devices ",200,https://www.maximintegrated.com
Optical,https://www.maximintegrated.com/en/products/comms/optical-communications.html,"Maxim Integrated - Analog, Linear, and Mixed-Signal Devices ",200,https://www.maximintegrated.com
Powerline Communications (PLC) ,https://www.maximintegrated.com/en/products/comms/powerline-communications.html,"Maxim Integrated - Analog, Linear, and Mixed-Signal Devices ",200,https://www.maximintegrated.com
Embedded Security,https://www.maximintegrated.com/en/products/embedded-security.html,"Maxim Integrated - Analog, Linear, and Mixed-Signal Devices ",200,https://www.maximintegrated.com
Security Managers,https://www.maximintegrated.com/en/products/embedded-security/security-managers.html,"Maxim Integrated - Analog, Linear, and Mixed-Signal Devices ",200,https://www.maximintegrated.com
Secure Authentication,https://www.maximintegrated.com/en/products/embedded-security/secure-authenticators.html,"Maxim Integrated - Analog, Linear, and Mixed-Signal Devices ",200,https://www.maximintegrated.com
Secure Microcontrollers,https://www.maximintegrated.com/en/products/embedded-security/secure-microcontrollers.html,"Maxim Integrated - Analog, Linear, and Mixed-Signal Devices ",200,https://www.maximintegrated.com
NFC/RFID,https://www.maximintegrated.com/en/products/embedded-security/nfc-rfid-products.html,"Maxim Integrated - Analog, Linear, and Mixed-Signal Devices ",200,https://www.maximintegrated.com
Microcontrollers,https://www.maximintegrated.com/en/products/microcontrollers.html,"Maxim Integrated - Analog, Linear, and Mixed-Signal Devices ",200,https://www.maximintegrated.com
Ultra-Low-Power Microcontrollers ,https://www.maximintegrated.com/en/products/microcontrollers/low-power-microcontrollers.html,"Maxim Integrated - Analog, Linear, and Mixed-Signal Devices ",200,https://www.maximintegrated.com
Secure Microcontrollers,https://www.maximintegrated.com/en/products/microcontrollers/secure-microcontrollers.html,"Maxim Integrated - Analog, Linear, and Mixed-Signal Devices ",200,https://www.maximintegrated.com
#MakeWithMaxim,https://www.maximintegrated.com/en/products/microcontrollers/make-with-maxim.html,"Maxim Integrated - Analog, Linear, and Mixed-Signal Devices ",200,https://www.maximintegrated.com
iButton and 1-Wire,https://www.maximintegrated.com/en/products/ibutton-one-wire.html,"Maxim Integrated - Analog, Linear, and Mixed-Signal Devices ",200,https://www.maximintegrated.com
iButton,https://www.maximintegrated.com/en/products/ibutton-one-wire/ibutton.html,"Maxim Integrated - Analog, Linear, and Mixed-Signal Devices ",200,https://www.maximintegrated.com
1-Wire,https://www.maximintegrated.com/en/products/ibutton-one-wire/one-wire.html,"Maxim Integrated - Analog, Linear, and Mixed-Signal Devices ",200,https://www.maximintegrated.com
Data Loggers,https://www.maximintegrated.com/en/products/ibutton-one-wire/data-loggers.html,"Maxim Integrated - Analog, Linear, and Mixed-Signal Devices ",200,https://www.maximintegrated.com
Memory Products,https://www.maximintegrated.com/en/products/ibutton-one-wire/memory-products.html,"Maxim Integrated - Analog, Linear, and Mixed-Signal Devices ",200,https://www.maximintegrated.com
All,https://www.maximintegrated.com/en/products/all-products.html,"Maxim Integrated - Analog, Linear, and Mixed-Signal Devices ",200,https://www.maximintegrated.com
What's New,https://www.maximintegrated.com/en/products/whats-new.html,"Maxim Integrated - Analog, Linear, and Mixed-Signal Devices ",200,https://www.maximintegrated.com
Applications,https://www.maximintegrated.com,"Maxim Integrated - Analog, Linear, and Mixed-Signal Devices ",200,https://www.maximintegrated.com
 < Back to Main Menu ,https://www.maximintegrated.com,"Maxim Integrated - Analog, Linear, and Mixed-Signal Devices ",200,https://www.maximintegrated.com
Industrial,https://www.maximintegrated.com/en/markets/industrial.html,"Maxim Integrated - Analog, Linear, and Mixed-Signal Devices ",200,https://www.maximintegrated.com
Factory Automation,https://www.maximintegrated.com/en/markets/industrial/factory-automation.html,"Maxim Integrated - Analog, Linear, and Mixed-Signal Devices ",200,https://www.maximintegrated.com
Sensors and Field Instruments,https://www.maximintegrated.com/en/markets/industrial/sensors-field-instruments.html,"Maxim Integrated - Analog, Linear, and Mixed-Signal Devices ",200,https://www.maximintegrated.com
Building Automation,https://www.maximintegrated.com/en/markets/industrial/building-automation.html,"Maxim Integrated - Analog, Linear, and Mixed-Signal Devices ",200,https://www.maximintegrated.com
Motor Control,https://www.maximintegrated.com/en/markets/industrial/motor-control.html,"Maxim Integrated - Analog, Linear, and Mixed-Signal Devices ",200,https://www.maximintegrated.com
Automated Test Equipment,https://www.maximintegrated.com/en/markets/industrial/automated-test-equipment.html,"Maxim Integrated - Analog, Linear, and Mixed-Signal Devices ",200,https://www.maximintegrated.com
Industrial IoT,https://www.maximintegrated.com/en/markets/industrial/industrial-iot.html,"Maxim Integrated - Analog, Linear, and Mixed-Signal Devices ",200,https://www.maximintegrated.com
Automotive,https://www.maximintegrated.com/en/markets/automotive.html,"Maxim Integrated - Analog, Linear, and Mixed-Signal Devices ",200,https://www.maximintegrated.com
Power Management,https://www.maximintegrated.com/en/markets/automotive/power-management.html,"Maxim Integrated - Analog, Linear, and Mixed-Signal Devices ",200,https://www.maximintegrated.com
ADAS,https://www.maximintegrated.com/en/markets/automotive/adas.html,"Maxim Integrated - Analog, Linear, and Mixed-Signal Devices ",200,https://www.maximintegrated.com
Infotainment,https://www.maximintegrated.com/en/markets/automotive/infotainment.html,"Maxim Integrated - Analog, Linear, and Mixed-Signal Devices ",200,https://www.maximintegrated.com
Body Electronics,https://www.maximintegrated.com/en/markets/automotive/body-electronics.html,"Maxim Integrated - Analog, Linear, and Mixed-Signal Devices ",200,https://www.maximintegrated.com
EV Powertrain,https://www.maximintegrated.com/en/markets/automotive/ev-powertrain.html,"Maxim Integrated - Analog, Linear, and Mixed-Signal Devices ",200,https://www.maximintegrated.com
Automotive IoT,https://www.maximintegrated.com/en/markets/automotive/automotive-iot.html,"Maxim Integrated - Analog, Linear, and Mixed-Signal Devices ",200,https://www.maximintegrated.com
Automotive LED Lighting,https://www.maximintegrated.com/en/markets/automotive/lighting.html,"Maxim Integrated - Analog, Linear, and Mixed-Signal Devices ",200,https://www.maximintegrated.com
Healthcare,https://www.maximintegrated.com/en/markets/healthcare.html,"Maxim Integrated - Analog, Linear, and Mixed-Signal Devices ",200,https://www.maximintegrated.com
Wearable Health,https://www.maximintegrated.com/en/markets/healthcare/wearable.html,"Maxim Integrated - Analog, Linear, and Mixed-Signal Devices ",200,https://www.maximintegrated.com
Ultrasound Imaging,https://www.maximintegrated.com/en/markets/healthcare/imaging.html,"Maxim Integrated - Analog, Linear, and Mixed-Signal Devices ",200,https://www.maximintegrated.com
Diagnostic and Therapy,https://www.maximintegrated.com/en/markets/healthcare/diagnostic-therapy.html,"Maxim Integrated - Analog, Linear, and Mixed-Signal Devices ",200,https://www.maximintegrated.com
Healthcare IoT,https://www.maximintegrated.com/en/markets/healthcare/healthcare-iot.html,"Maxim Integrated - Analog, Linear, and Mixed-Signal Devices ",200,https://www.maximintegrated.com
Communications,https://www.maximintegrated.com/en/markets/communications.html,"Maxim Integrated - Analog, Linear, and Mixed-Signal Devices ",200,https://www.maximintegrated.com
Cable,https://www.maximintegrated.com/en/markets/communications/cable.html,"Maxim Integrated - Analog, Linear, and Mixed-Signal Devices ",200,https://www.maximintegrated.com
Optical,https://www.maximintegrated.com/en/markets/communications/optical.html,"Maxim Integrated - Analog, Linear, and Mixed-Signal Devices ",200,https://www.maximintegrated.com
Wireless,https://www.maximintegrated.com/en/markets/communications/wireless.html,"Maxim Integrated - Analog, Linear, and Mixed-Signal Devices ",200,https://www.maximintegrated.com
Consumer,https://www.maximintegrated.com/en/markets/consumer.html,"Maxim Integrated - Analog, Linear, and Mixed-Signal Devices ",200,https://www.maximintegrated.com
Mobile,https://www.maximintegrated.com/en/markets/consumer/mobile.html,"Maxim Integrated - Analog, Linear, and Mixed-Signal Devices ",200,https://www.maximintegrated.com
Wearables,https://www.maximintegrated.com/en/markets/consumer/wearables.html,"Maxim Integrated - Analog, Linear, and Mixed-Signal Devices ",200,https://www.maximintegrated.com
Hearables,https://www.maximintegrated.com/en/markets/consumer/hearables.html,"Maxim Integrated - Analog, Linear, and Mixed-Signal Devices ",200,https://www.maximintegrated.com
Consumer IoT,https://www.maximintegrated.com/en/markets/consumer/consumer-iot.html,"Maxim Integrated - Analog, Linear, and Mixed-Signal Devices ",200,https://www.maximintegrated.com
Computing,https://www.maximintegrated.com/en/markets/computing.html,"Maxim Integrated - Analog, Linear, and Mixed-Signal Devices ",200,https://www.maximintegrated.com
Data Center,https://www.maximintegrated.com/en/markets/computing/data-center.html,"Maxim Integrated - Analog, Linear, and Mixed-Signal Devices ",200,https://www.maximintegrated.com
Servers,https://www.maximintegrated.com/en/markets/computing/servers.html,"Maxim Integrated - Analog, Linear, and Mixed-Signal Devices ",200,https://www.maximintegrated.com
Secure Computing,https://www.maximintegrated.com/en/markets/computing/secure-computing.html,"Maxim Integrated - Analog, Linear, and Mixed-Signal Devices ",200,https://www.maximintegrated.com
Solar Energy,https://www.maximintegrated.com/en/markets/solar-energy.html,"Maxim Integrated - Analog, Linear, and Mixed-Signal Devices ",200,https://www.maximintegrated.com
Solar Cell Optimizer Technology,https://www.maximintegrated.com/en/markets/solar-energy/solar-cell-optimizers.html,"Maxim Integrated - Analog, Linear, and Mixed-Signal Devices ",200,https://www.maximintegrated.com
Military and Aerospace,https://www.maximintegrated.com/en/markets/military-aerospace.html,"Maxim Integrated - Analog, Linear, and Mixed-Signal Devices ",200,https://www.maximintegrated.com
Internet of Things,https://www.maximintegrated.com/en/markets/internet-of-things.html,"Maxim Integrated - Analog, Linear, and Mixed-Signal Devices ",200,https://www.maximintegrated.com
IoT Platform,https://www.maximintegrated.com/en/markets/internet-of-things/iot-platform.html,"Maxim Integrated - Analog, Linear, and Mixed-Signal Devices ",200,https://www.maximintegrated.com
Essential Analog ICs,https://www.maximintegrated.com/en/markets/essential-analog-ics.html,"Maxim Integrated - Analog, Linear, and Mixed-Signal Devices ",200,https://www.maximintegrated.com
Rugged Connectivity,https://www.maximintegrated.com/en/markets/essential-analog-ics/rugged-connectivity.html,"Maxim Integrated - Analog, Linear, and Mixed-Signal Devices ",200,https://www.maximintegrated.com
Reliable Protection,https://www.maximintegrated.com/en/markets/essential-analog-ics/reliable-protection.html,"Maxim Integrated - Analog, Linear, and Mixed-Signal Devices ",200,https://www.maximintegrated.com
Precision Measurement,https://www.maximintegrated.com/en/markets/essential-analog-ics/precision-measurement.html,"Maxim Integrated - Analog, Linear, and Mixed-Signal Devices ",200,https://www.maximintegrated.com
Efficient Power,https://www.maximintegrated.com/en/markets/essential-analog-ics/efficient-power.html,"Maxim Integrated - Analog, Linear, and Mixed-Signal Devices ",200,https://www.maximintegrated.com
All Markets,https://www.maximintegrated.com/en/markets/all-markets.html,"Maxim Integrated - Analog, Linear, and Mixed-Signal Devices ",200,https://www.maximintegrated.com
Design,https://www.maximintegrated.com,"Maxim Integrated - Analog, Linear, and Mixed-Signal Devices ",200,https://www.maximintegrated.com
 < Back to Main Menu ,https://www.maximintegrated.com,"Maxim Integrated - Analog, Linear, and Mixed-Signal Devices ",200,https://www.maximintegrated.com
Overview,https://www.maximintegrated.com/en/design/overview.html,"Maxim Integrated - Analog, Linear, and Mixed-Signal Devices ",200,https://www.maximintegrated.com
Technical Documents,https://www.maximintegrated.com/en/design/technical-documents.html,"Maxim Integrated - Analog, Linear, and Mixed-Signal Devices ",200,https://www.maximintegrated.com
Reference Designs,https://www.maximintegrated.com/en/design/reference-design-center.html,"Maxim Integrated - Analog, Linear, and Mixed-Signal Devices ",200,https://www.maximintegrated.com
Design Tools,https://www.maximintegrated.com/en/design/design-tools.html,"Maxim Integrated - Analog, Linear, and Mixed-Signal Devices ",200,https://www.maximintegrated.com
Packaging,https://www.maximintegrated.com/en/design/packaging.html,"Maxim Integrated - Analog, Linear, and Mixed-Signal Devices ",200,https://www.maximintegrated.com
Cross-Reference Search,https://www.maximintegrated.com/en/design/cross-reference-search.html,"Maxim Integrated - Analog, Linear, and Mixed-Signal Devices ",200,https://www.maximintegrated.com
Technical Training,https://www.maximintegrated.com/en/design/technical-training.html,"Maxim Integrated - Analog, Linear, and Mixed-Signal Devices ",200,https://www.maximintegrated.com
Partners and Technology,https://www.maximintegrated.com/en/design/partners-and-technology.html,"Maxim Integrated - Analog, Linear, and Mixed-Signal Devices ",200,https://www.maximintegrated.com
Videos,https://www.maximintegrated.com/en/design/videos.html,"Maxim Integrated - Analog, Linear, and Mixed-Signal Devices ",200,https://www.maximintegrated.com
mgineer Blog,https://www.maximintegrated.com/en/design/blog.html,"Maxim Integrated - Analog, Linear, and Mixed-Signal Devices ",200,https://www.maximintegrated.com
Customer Testimonials,https://www.maximintegrated.com/en/design/customer-testimonials.html,"Maxim Integrated - Analog, Linear, and Mixed-Signal Devices ",200,https://www.maximintegrated.com
Glossary of EE Terms ,https://www.maximintegrated.com/en/design/glossary.html,"Maxim Integrated - Analog, Linear, and Mixed-Signal Devices ",200,https://www.maximintegrated.com
Support,https://www.maximintegrated.com,"Maxim Integrated - Analog, Linear, and Mixed-Signal Devices ",200,https://www.maximintegrated.com
 < Back to Main Menu ,https://www.maximintegrated.com,"Maxim Integrated - Analog, Linear, and Mixed-Signal Devices ",200,https://www.maximintegrated.com
Support Portal,https://www.maximintegrated.com/en/support/overview.html,"Maxim Integrated - Analog, Linear, and Mixed-Signal Devices ",200,https://www.maximintegrated.com
Quality and Reliability,https://www.maximintegrated.com/en/support/qa-reliability.html,"Maxim Integrated - Analog, Linear, and Mixed-Signal Devices ",200,https://www.maximintegrated.com
Environmental,https://www.maximintegrated.com/en/support/emmi.html,"Maxim Integrated - Analog, Linear, and Mixed-Signal Devices ",200,https://www.maximintegrated.com
Knowledge Base Search,https://www.maximintegrated.com/en/support/knowledge-base-search.html,"Maxim Integrated - Analog, Linear, and Mixed-Signal Devices ",200,https://www.maximintegrated.com
Order,https://www.maximintegrated.com,"Maxim Integrated - Analog, Linear, and Mixed-Signal Devices ",200,https://www.maximintegrated.com
 < Back to Main Menu ,https://www.maximintegrated.com,"Maxim Integrated - Analog, Linear, and Mixed-Signal Devices ",200,https://www.maximintegrated.com
Search Price and Availability,https://www.maximintegrated.com/en/storefront/search_result.html,"Maxim Integrated - Analog, Linear, and Mixed-Signal Devices ",200,https://www.maximintegrated.com
"Buy Parts, Request Quote and Sample",https://www.maximintegrated.com/en/storefront/storefront.html,"Maxim Integrated - Analog, Linear, and Mixed-Signal Devices ",200,https://www.maximintegrated.com
My Orders ,https://www.maximintegrated.com/en/storefront/my-orders.html,"Maxim Integrated - Analog, Linear, and Mixed-Signal Devices ",200,https://www.maximintegrated.com
My Quotes,https://www.maximintegrated.com/en/storefront/my-quotes.html,"Maxim Integrated - Analog, Linear, and Mixed-Signal Devices ",200,https://www.maximintegrated.com
About Us,https://www.maximintegrated.com,"Maxim Integrated - Analog, Linear, and Mixed-Signal Devices ",200,https://www.maximintegrated.com
 < Back to Main Menu ,https://www.maximintegrated.com,"Maxim Integrated - Analog, Linear, and Mixed-Signal Devices ",200,https://www.maximintegrated.com
Maxim Profile,https://www.maximintegrated.com/en/aboutus/maxim-profile.html,"Maxim Integrated - Analog, Linear, and Mixed-Signal Devices ",200,https://www.maximintegrated.com
Investor Relations,https://www.maximintegrated.com/en/aboutus/investor-relations.html,"Maxim Integrated - Analog, Linear, and Mixed-Signal Devices ",200,https://www.maximintegrated.com
Careers,https://www.maximintegrated.com/en/aboutus/careers.html,"Maxim Integrated - Analog, Linear, and Mixed-Signal Devices ",200,https://www.maximintegrated.com
Newsroom,https://www.maximintegrated.com/en/aboutus/newsroom.html,"Maxim Integrated - Analog, Linear, and Mixed-Signal Devices ",200,https://www.maximintegrated.com
Events,https://www.maximintegrated.com/en/aboutus/events.html,"Maxim Integrated - Analog, Linear, and Mixed-Signal Devices ",200,https://www.maximintegrated.com
Worldwide Locations,https://www.maximintegrated.com/en/aboutus/worldwide-locations.html,"Maxim Integrated - Analog, Linear, and Mixed-Signal Devices ",200,https://www.maximintegrated.com
Leadership,https://www.maximintegrated.com/en/aboutus/leadership.html,"Maxim Integrated - Analog, Linear, and Mixed-Signal Devices ",200,https://www.maximintegrated.com
Maxim Ventures,https://www.maximintegrated.com/en/aboutus/maxim-ventures.html,"Maxim Integrated - Analog, Linear, and Mixed-Signal Devices ",200,https://www.maximintegrated.com
Corporate Policies,https://www.maximintegrated.com/en/aboutus/maxim-corporate-policies.html,"Maxim Integrated - Analog, Linear, and Mixed-Signal Devices ",200,https://www.maximintegrated.com
Corporate Responsibility,https://www.maximintegrated.com/en/aboutus/corporate-responsibility.html,"Maxim Integrated - Analog, Linear, and Mixed-Signal Devices ",200,https://www.maximintegrated.com
Contact Us,https://www.maximintegrated.com/en/aboutus/contact-us.html,"Maxim Integrated - Analog, Linear, and Mixed-Signal Devices ",200,https://www.maximintegrated.com
Legal,https://www.maximintegrated.com/en/aboutus/legal.html,"Maxim Integrated - Analog, Linear, and Mixed-Signal Devices ",200,https://www.maximintegrated.com
Backoffice Management,https://www.maximintegrated.com,"Maxim Integrated - Analog, Linear, and Mixed-Signal Devices ",200,https://www.maximintegrated.com
 < Back to Main Menu ,https://www.maximintegrated.com,"Maxim Integrated - Analog, Linear, and Mixed-Signal Devices ",200,https://www.maximintegrated.com
Manage Exception Rules,https://www.maximintegrated.com/en/backoffice-activities/exception-rule-search.html,"Maxim Integrated - Analog, Linear, and Mixed-Signal Devices ",200,https://www.maximintegrated.com
Public Domain White List,https://www.maximintegrated.com/en/backoffice-activities/email-white-list.html,"Maxim Integrated - Analog, Linear, and Mixed-Signal Devices ",200,https://www.maximintegrated.com
Public Domain Denial,https://www.maximintegrated.com/en/backoffice-activities/email-black-list.html,"Maxim Integrated - Analog, Linear, and Mixed-Signal Devices ",200,https://www.maximintegrated.com
Sample Denial Emails,https://www.maximintegrated.com/en/backoffice-activities/sample-denial-email-list.html,"Maxim Integrated - Analog, Linear, and Mixed-Signal Devices ",200,https://www.maximintegrated.com
Revenue Denial Emails,https://www.maximintegrated.com/en/backoffice-activities/revenue-denial-email-list.html,"Maxim Integrated - Analog, Linear, and Mixed-Signal Devices ",200,https://www.maximintegrated.com
Sample Order Denial Addresses,https://www.maximintegrated.com/en/backoffice-activities/sample-denial-address-list.html,"Maxim Integrated - Analog, Linear, and Mixed-Signal Devices ",200,https://www.maximintegrated.com
ISA Contacts,https://www.maximintegrated.com/en/backoffice-activities/isa-contacts.html,"Maxim Integrated - Analog, Linear, and Mixed-Signal Devices ",200,https://www.maximintegrated.com
Sales Office Admin,https://www.maximintegrated.com/en/backoffice-activities/sales-office-admin.html,"Maxim Integrated - Analog, Linear, and Mixed-Signal Devices ",200,https://www.maximintegrated.com
ISA Inbox (Review Exception),https://www.maximintegrated.com/en/backoffice-activities/isa-inbox.html,"Maxim Integrated - Analog, Linear, and Mixed-Signal Devices ",200,https://www.maximintegrated.com
 ,https://www.maximintegrated.com,"Maxim Integrated - Analog, Linear, and Mixed-Signal Devices ",200,https://www.maximintegrated.com
,https://www.maximintegrated.com,"Maxim Integrated - Analog, Linear, and Mixed-Signal Devices ",200,https://www.maximintegrated.com
Login,https://www.maximintegrated.com,"Maxim Integrated - Analog, Linear, and Mixed-Signal Devices ",200,https://www.maximintegrated.com
Register,https://www.maximintegrated.com,"Maxim Integrated - Analog, Linear, and Mixed-Signal Devices ",200,https://www.maximintegrated.com
My Maxim,https://www.maximintegrated.com#myMaxDialog,"Maxim Integrated - Analog, Linear, and Mixed-Signal Devices ",200,https://www.maximintegrated.com
,https://www.maximintegrated.com/en/aboutus/maxim-profile/covid-19-response.html,"Maxim Integrated - Analog, Linear, and Mixed-Signal Devices ",200,https://www.maximintegrated.com
,https://www.maximintegrated.com/en/aboutus/maxim-profile/covid-19-response.html,"Maxim Integrated - Analog, Linear, and Mixed-Signal Devices ",200,https://www.maximintegrated.com
,https://www.maximintegrated.com/en/aboutus/maxim-profile/covid-19-response.html,"Maxim Integrated - Analog, Linear, and Mixed-Signal Devices ",200,https://www.maximintegrated.com
,https://www.maximintegrated.com/en/aboutus/maxim-profile/covid-19-response.html,"Maxim Integrated - Analog, Linear, and Mixed-Signal Devices ",200,https://www.maximintegrated.com
,https://www.maximintegrated.com/en/aboutus/maxim-profile/covid-19-response.html,"Maxim Integrated - Analog, Linear, and Mixed-Signal Devices ",200,https://www.maximintegrated.com
"4.5V to 60V, 3A High-Efficiency, DC-DC Step-Down SiP Power Module with Integrated Inductor",https://www.maximintegrated.com/en/products/MAXM17537,"Maxim Integrated - Analog, Linear, and Mixed-Signal Devices ",200,https://www.maximintegrated.com
 ,https://www.maximintegrated.com/en/products/MAXM17537,"Maxim Integrated - Analog, Linear, and Mixed-Signal Devices ",200,https://www.maximintegrated.com
MAXM17537,https://www.maximintegrated.com/en/products/MAXM17537,"Maxim Integrated - Analog, Linear, and Mixed-Signal Devices ",200,https://www.maximintegrated.com
Synchronous Boost and Synchronous Buck LED Controllers,https://www.maximintegrated.com/en/products/MAX25601A,"Maxim Integrated - Analog, Linear, and Mixed-Signal Devices ",200,https://www.maximintegrated.com
 ,https://www.maximintegrated.com/en/products/MAX25601A,"Maxim Integrated - Analog, Linear, and Mixed-Signal Devices ",200,https://www.maximintegrated.com
MAX25601A,https://www.maximintegrated.com/en/products/MAX25601A,"Maxim Integrated - Analog, Linear, and Mixed-Signal Devices ",200,https://www.maximintegrated.com
"Wrist-Based SpO2, HR, and HRV Health Sensor Platform",https://www.maximintegrated.com/en/products/MAXREFDES103,"Maxim Integrated - Analog, Linear, and Mixed-Signal Devices ",200,https://www.maximintegrated.com
 ,https://www.maximintegrated.com/en/products/MAXREFDES103,"Maxim Integrated - Analog, Linear, and Mixed-Signal Devices ",200,https://www.maximintegrated.com
MAXREFDES103,https://www.maximintegrated.com/en/products/MAXREFDES103,"Maxim Integrated - Analog, Linear, and Mixed-Signal Devices ",200,https://www.maximintegrated.com
DeepCover Secure ECDSA Bidirectional Authenticator with ChipDNA PUF Protection,https://www.maximintegrated.com/en/products/DS28C39,"Maxim Integrated - Analog, Linear, and Mixed-Signal Devices ",200,https://www.maximintegrated.com
 ,https://www.maximintegrated.com/en/products/DS28C39,"Maxim Integrated - Analog, Linear, and Mixed-Signal Devices ",200,https://www.maximintegrated.com
DS28C39,https://www.maximintegrated.com/en/products/DS28C39,"Maxim Integrated - Analog, Linear, and Mixed-Signal Devices ",200,https://www.maximintegrated.com
One-Time Programmable (OTP) Industrial Sensor Output Driver,https://www.maximintegrated.com/en/products/MAX22520,"Maxim Integrated - Analog, Linear, and Mixed-Signal Devices ",200,https://www.maximintegrated.com
 ,https://www.maximintegrated.com/en/products/MAX22520,"Maxim Integrated - Analog, Linear, and Mixed-Signal Devices ",200,https://www.maximintegrated.com
MAX22520,https://www.maximintegrated.com/en/products/MAX22520,"Maxim Integrated - Analog, Linear, and Mixed-Signal Devices ",200,https://www.maximintegrated.com
"14V Input, 3A High-Efficiency Buck Converter in WLP or QFN",https://www.maximintegrated.com/en/products/MAX77504,"Maxim Integrated - Analog, Linear, and Mixed-Signal Devices ",200,https://www.maximintegrated.com
 ,https://www.maximintegrated.com/en/products/MAX77504,"Maxim Integrated - Analog, Linear, and Mixed-Signal Devices ",200,https://www.maximintegrated.com
MAX77504,https://www.maximintegrated.com/en/products/MAX77504,"Maxim Integrated - Analog, Linear, and Mixed-Signal Devices ",200,https://www.maximintegrated.com
See all new products ›,https://www.maximintegrated.com/en/products/whats-new.html,"Maxim Integrated - Analog, Linear, and Mixed-Signal Devices ",200,https://www.maximintegrated.com
,https://maximsupport.microsoftcrmportals.com/en-US/tech-support/,"Maxim Integrated - Analog, Linear, and Mixed-Signal Devices ",200,https://www.maximintegrated.com
 ,https://www.maximintegrated.com/en/design/design-tools/keypad.html,"Maxim Integrated - Analog, Linear, and Mixed-Signal Devices ",200,https://www.maximintegrated.com
,https://www.maximintegrated.com/en/design/design-tools/ee-sim.html,"Maxim Integrated - Analog, Linear, and Mixed-Signal Devices ",200,https://www.maximintegrated.com
 ,https://maximsupport.microsoftcrmportals.com/en-US/knowledgebase/,"Maxim Integrated - Analog, Linear, and Mixed-Signal Devices ",200,https://www.maximintegrated.com
ADAS,https://www.maximintegrated.com/en/markets/automotive/adas.html,"Maxim Integrated - Analog, Linear, and Mixed-Signal Devices ",200,https://www.maximintegrated.com
 ,https://www.maximintegrated.com/en/markets/automotive/adas.html,"Maxim Integrated - Analog, Linear, and Mixed-Signal Devices ",200,https://www.maximintegrated.com
learn more,https://www.maximintegrated.com/en/markets/automotive/adas.html,"Maxim Integrated - Analog, Linear, and Mixed-Signal Devices ",200,https://www.maximintegrated.com
Factory Automation Systems,https://www.maximintegrated.com/en/markets/industrial/factory-automation.html,"Maxim Integrated - Analog, Linear, and Mixed-Signal Devices ",200,https://www.maximintegrated.com
 ,https://www.maximintegrated.com/en/markets/industrial/factory-automation.html,"Maxim Integrated - Analog, Linear, and Mixed-Signal Devices ",200,https://www.maximintegrated.com
learn more,https://www.maximintegrated.com/en/markets/industrial/factory-automation.html,"Maxim Integrated - Analog, Linear, and Mixed-Signal Devices ",200,https://www.maximintegrated.com
Wearable Health and Fitness,https://www.maximintegrated.com/en/markets/healthcare/wearable.html,"Maxim Integrated - Analog, Linear, and Mixed-Signal Devices ",200,https://www.maximintegrated.com
 ,https://www.maximintegrated.com/en/markets/healthcare/wearable.html,"Maxim Integrated - Analog, Linear, and Mixed-Signal Devices ",200,https://www.maximintegrated.com
learn more,https://www.maximintegrated.com/en/markets/healthcare/wearable.html,"Maxim Integrated - Analog, Linear, and Mixed-Signal Devices ",200,https://www.maximintegrated.com
Essential Analog,https://www.maximintegrated.com/en/markets/essential-analog-ics.html,"Maxim Integrated - Analog, Linear, and Mixed-Signal Devices ",200,https://www.maximintegrated.com
 ,https://www.maximintegrated.com/en/markets/essential-analog-ics.html,"Maxim Integrated - Analog, Linear, and Mixed-Signal Devices ",200,https://www.maximintegrated.com
learn more,https://www.maximintegrated.com/en/markets/essential-analog-ics.html,"Maxim Integrated - Analog, Linear, and Mixed-Signal Devices ",200,https://www.maximintegrated.com
App notes,https://www.maximintegrated.com/en/design/technical-documents/index.html,"Maxim Integrated - Analog, Linear, and Mixed-Signal Devices ",200,https://www.maximintegrated.com
Reference Designs,https://www.maximintegrated.com/en/design/reference-design-center.html,"Maxim Integrated - Analog, Linear, and Mixed-Signal Devices ",200,https://www.maximintegrated.com
Tutorials,https://www.maximintegrated.com/en/design/technical-documents/index.html/tutorials/products/all-products,"Maxim Integrated - Analog, Linear, and Mixed-Signal Devices ",200,https://www.maximintegrated.com
Design Solutions,https://www.maximintegrated.com/en/design/technical-documents/design-solutions.html,"Maxim Integrated - Analog, Linear, and Mixed-Signal Devices ",200,https://www.maximintegrated.com
White Papers,https://www.maximintegrated.com/en/design/technical-documents/white-papers.html,"Maxim Integrated - Analog, Linear, and Mixed-Signal Devices ",200,https://www.maximintegrated.com
Videos,https://www.maximintegrated.com/en/design/videos.html,"Maxim Integrated - Analog, Linear, and Mixed-Signal Devices ",200,https://www.maximintegrated.com
 ,https://twitter.com/maximintegrated,"Maxim Integrated - Analog, Linear, and Mixed-Signal Devices ",200,https://www.maximintegrated.com
 ,https://www.linkedin.com/company/maxim-integrated,"Maxim Integrated - Analog, Linear, and Mixed-Signal Devices ",200,https://www.maximintegrated.com
 ,https://www.facebook.com/MaximIntegrated,"Maxim Integrated - Analog, Linear, and Mixed-Signal Devices ",200,https://www.maximintegrated.com
 ,https://www.youtube.com/c/maximintegrated,"Maxim Integrated - Analog, Linear, and Mixed-Signal Devices ",200,https://www.maximintegrated.com
 ,https://www.maximintegrated.com/en/aboutus/newsroom.html,"Maxim Integrated - Analog, Linear, and Mixed-Signal Devices ",200,https://www.maximintegrated.com
 ,https://www.maximintegrated.com/en/aboutus/events.html,"Maxim Integrated - Analog, Linear, and Mixed-Signal Devices ",200,https://www.maximintegrated.com
 ,https://www.maximintegrated.com/en/design/blog.html,"Maxim Integrated - Analog, Linear, and Mixed-Signal Devices ",200,https://www.maximintegrated.com
About Us,https://www.maximintegrated.com/en/aboutus/maxim-profile.html,"Maxim Integrated - Analog, Linear, and Mixed-Signal Devices ",200,https://www.maximintegrated.com
Customer Testimonials,https://www.maximintegrated.com/en/design/customer-testimonials.html,"Maxim Integrated - Analog, Linear, and Mixed-Signal Devices ",200,https://www.maximintegrated.com
Careers,https://www.maximintegrated.com/en/aboutus/careers.html,"Maxim Integrated - Analog, Linear, and Mixed-Signal Devices ",200,https://www.maximintegrated.com
Contact Us,https://www.maximintegrated.com/en/aboutus/contact-us.html,"Maxim Integrated - Analog, Linear, and Mixed-Signal Devices ",200,https://www.maximintegrated.com
Customer Support,https://maximsupport.microsoftcrmportals.com/en-US/cust-support/,"Maxim Integrated - Analog, Linear, and Mixed-Signal Devices ",200,https://www.maximintegrated.com
Technical Support,https://maximsupport.microsoftcrmportals.com/en-US/tech-support/,"Maxim Integrated - Analog, Linear, and Mixed-Signal Devices ",200,https://www.maximintegrated.com
Ordering FAQ,https://www.maximintegrated.com/en/support/faqs/ordering-faq.html,"Maxim Integrated - Analog, Linear, and Mixed-Signal Devices ",200,https://www.maximintegrated.com
Worldwide Franchised Distributors,https://www.maximintegrated.com/en/aboutus/contact-us/distributor-offices.html,"Maxim Integrated - Analog, Linear, and Mixed-Signal Devices ",200,https://www.maximintegrated.com
Investor Relations,http://investor.maximintegrated.com/home/default.aspx,"Maxim Integrated - Analog, Linear, and Mixed-Signal Devices ",200,https://www.maximintegrated.com
Corporate Responsibility,http://investor.maximintegrated.com/corporate-responsibility/default.aspx,"Maxim Integrated - Analog, Linear, and Mixed-Signal Devices ",200,https://www.maximintegrated.com
 Contact Us ,https://www.maximintegrated.com/en/aboutus/contact-us.html,"Maxim Integrated - Analog, Linear, and Mixed-Signal Devices ",200,https://www.maximintegrated.com
 Careers ,https://www.maximintegrated.com/en/aboutus/careers.html,"Maxim Integrated - Analog, Linear, and Mixed-Signal Devices ",200,https://www.maximintegrated.com
 Legal ,https://www.maximintegrated.com/en/aboutus/legal.html,"Maxim Integrated - Analog, Linear, and Mixed-Signal Devices ",200,https://www.maximintegrated.com
 Privacy ,https://www.maximintegrated.com/en/aboutus/legal/privacy-policy.html,"Maxim Integrated - Analog, Linear, and Mixed-Signal Devices ",200,https://www.maximintegrated.com
 Cookie Policy ,https://www.maximintegrated.com/en/aboutus/legal/privacy-policy/cookie-policy.html,"Maxim Integrated - Analog, Linear, and Mixed-Signal Devices ",200,https://www.maximintegrated.com
 Site Map ,https://www.maximintegrated.com/en/site-map.html,"Maxim Integrated - Analog, Linear, and Mixed-Signal Devices ",200,https://www.maximintegrated.com
MY MAXIM,https://www.maximintegrated.com#tabmymax,"Maxim Integrated - Analog, Linear, and Mixed-Signal Devices ",200,https://www.maximintegrated.com
MY BULLETIN,https://www.maximintegrated.com#tabmybulletin,"Maxim Integrated - Analog, Linear, and Mixed-Signal Devices ",200,https://www.maximintegrated.com
 ,https://www.maximintegrated.com/en/mymaxim/seeallpage.html,"Maxim Integrated - Analog, Linear, and Mixed-Signal Devices ",200,https://www.maximintegrated.com
Contact us,https://maximsupport.microsoftcrmportals.com/en-US/support-center/,"Maxim Integrated - Analog, Linear, and Mixed-Signal Devices ",200,https://www.maximintegrated.com
request a quote,https://www.maximintegrated.com,"Maxim Integrated - Analog, Linear, and Mixed-Signal Devices ",200,https://www.maximintegrated.com
here,https://www.maximintegrated.com/storefront/storefront.html,"Maxim Integrated - Analog, Linear, and Mixed-Signal Devices ",200,https://www.maximintegrated.com
Resubmit,https://www.maximintegrated.com/mymaxim/register.html,"Maxim Integrated - Analog, Linear, and Mixed-Signal Devices ",200,https://www.maximintegrated.com
distributor,https://www.maximintegrated.com/sales/offices/distributor/franchise.mvp,"Maxim Integrated - Analog, Linear, and Mixed-Signal Devices ",200,https://www.maximintegrated.com
click here,https://www.maximintegrated.com/storefront/storefront.html,"Maxim Integrated - Analog, Linear, and Mixed-Signal Devices ",200,https://www.maximintegrated.com
了解详情。,https://www.maximintegrated.com/en/aboutus/legal/privacy-policy.html#cookies,"模拟, 线性, 混合信号, 半导体-Maxim Integrated",200,https://www.maximintegrated.com/cn.html
 ,https://www.maximintegrated.com/cn.html,"模拟, 线性, 混合信号, 半导体-Maxim Integrated",200,https://www.maximintegrated.com/cn.html
English,https://www.maximintegrated.com/en.html,"模拟, 线性, 混合信号, 半导体-Maxim Integrated",200,https://www.maximintegrated.com/cn.html
日本語,https://www.maximintegrated.com/jp.html,"模拟, 线性, 混合信号, 半导体-Maxim Integrated",200,https://www.maximintegrated.com/cn.html
English,https://www.maximintegrated.com/en.html,"模拟, 线性, 混合信号, 半导体-Maxim Integrated",200,https://www.maximintegrated.com/cn.html
日本語,https://www.maximintegrated.com/jp.html,"模拟, 线性, 混合信号, 半导体-Maxim Integrated",200,https://www.maximintegrated.com/cn.html
产品,https://www.maximintegrated.com/cn.html,"模拟, 线性, 混合信号, 半导体-Maxim Integrated",200,https://www.maximintegrated.com/cn.html
 < Back to Main Menu ,https://www.maximintegrated.com/cn.html,"模拟, 线性, 混合信号, 半导体-Maxim Integrated",200,https://www.maximintegrated.com/cn.html
电源管理,https://www.maximintegrated.com/cn/products/power.html,"模拟, 线性, 混合信号, 半导体-Maxim Integrated",200,https://www.maximintegrated.com/cn.html
开关稳压器,https://www.maximintegrated.com/cn/products/power/switching-regulators.html,"模拟, 线性, 混合信号, 半导体-Maxim Integrated",200,https://www.maximintegrated.com/cn.html
电池管理,https://www.maximintegrated.com/cn/products/power/battery-management.html,"模拟, 线性, 混合信号, 半导体-Maxim Integrated",200,https://www.maximintegrated.com/cn.html
隔离电源,https://www.maximintegrated.com/cn/products/power/isolated-power.html,"模拟, 线性, 混合信号, 半导体-Maxim Integrated",200,https://www.maximintegrated.com/cn.html
电荷泵,https://www.maximintegrated.com/cn/products/power/charge-pumps.html,"模拟, 线性, 混合信号, 半导体-Maxim Integrated",200,https://www.maximintegrated.com/cn.html
线性稳压器,https://www.maximintegrated.com/cn/products/power/linear-regulators.html,"模拟, 线性, 混合信号, 半导体-Maxim Integrated",200,https://www.maximintegrated.com/cn.html
LED驱动器,https://www.maximintegrated.com/cn/products/power/led-drivers.html,"模拟, 线性, 混合信号, 半导体-Maxim Integrated",200,https://www.maximintegrated.com/cn.html
电机驱动IC,https://www.maximintegrated.com/cn/products/power/motor-driver-ics.html,"模拟, 线性, 混合信号, 半导体-Maxim Integrated",200,https://www.maximintegrated.com/cn.html
保护和控制,https://www.maximintegrated.com/cn/products/power/protection-control.html,"模拟, 线性, 混合信号, 半导体-Maxim Integrated",200,https://www.maximintegrated.com/cn.html
显示器电源与控制,https://www.maximintegrated.com/cn/products/power/display-power-control.html,"模拟, 线性, 混合信号, 半导体-Maxim Integrated",200,https://www.maximintegrated.com/cn.html
电路监控、电压监测器及排序器,https://www.maximintegrated.com/cn/products/power/supervisors-voltage-monitors-sequencers.html,"模拟, 线性, 混合信号, 半导体-Maxim Integrated",200,https://www.maximintegrated.com/cn.html
电源管理IC (PMIC),https://www.maximintegrated.com/cn/products/power/power-management-ics.html,"模拟, 线性, 混合信号, 半导体-Maxim Integrated",200,https://www.maximintegrated.com/cn.html
nanoPower DC-DC调节器,https://www.maximintegrated.com/cn/products/power/nanopower-dc-dc-regulators.html,"模拟, 线性, 混合信号, 半导体-Maxim Integrated",200,https://www.maximintegrated.com/cn.html
以太网供电,https://www.maximintegrated.com/cn/products/power/power-over-ethernet.html,"模拟, 线性, 混合信号, 半导体-Maxim Integrated",200,https://www.maximintegrated.com/cn.html
喜马拉雅电源模块,https://www.maximintegrated.com/cn/products/power/power-modules.html,"模拟, 线性, 混合信号, 半导体-Maxim Integrated",200,https://www.maximintegrated.com/cn.html
MOSFET驱动器和控制器,https://www.maximintegrated.com/cn/products/power/mosfet-drivers-controllers.html,"模拟, 线性, 混合信号, 半导体-Maxim Integrated",200,https://www.maximintegrated.com/cn.html
传感器,https://www.maximintegrated.com/cn/products/sensors.html,"模拟, 线性, 混合信号, 半导体-Maxim Integrated",200,https://www.maximintegrated.com/cn.html
温度传感器IC,https://www.maximintegrated.com/cn/products/sensors/temperature-sensor-ics.html,"模拟, 线性, 混合信号, 半导体-Maxim Integrated",200,https://www.maximintegrated.com/cn.html
光传感器IC,https://www.maximintegrated.com/cn/products/sensors/optical-sensor-ics.html,"模拟, 线性, 混合信号, 半导体-Maxim Integrated",200,https://www.maximintegrated.com/cn.html
生物电势传感器,https://www.maximintegrated.com/cn/products/sensors/biopotential-sensors.html,"模拟, 线性, 混合信号, 半导体-Maxim Integrated",200,https://www.maximintegrated.com/cn.html
Healthcare Sensor ICs,https://www.maximintegrated.com/cn/products/sensors/healthcare-sensor-ics.html,"模拟, 线性, 混合信号, 半导体-Maxim Integrated",200,https://www.maximintegrated.com/cn.html
模拟信号,https://www.maximintegrated.com/cn/products/analog.html,"模拟, 线性, 混合信号, 半导体-Maxim Integrated",200,https://www.maximintegrated.com/cn.html
放大器,https://www.maximintegrated.com/cn/products/analog/amplifiers.html,"模拟, 线性, 混合信号, 半导体-Maxim Integrated",200,https://www.maximintegrated.com/cn.html
音频,https://www.maximintegrated.com/cn/products/analog/audio.html,"模拟, 线性, 混合信号, 半导体-Maxim Integrated",200,https://www.maximintegrated.com/cn.html
视频产品,https://www.maximintegrated.com/cn/products/analog/video-products.html,"模拟, 线性, 混合信号, 半导体-Maxim Integrated",200,https://www.maximintegrated.com/cn.html
数据转换器,https://www.maximintegrated.com/cn/products/analog/data-converters.html,"模拟, 线性, 混合信号, 半导体-Maxim Integrated",200,https://www.maximintegrated.com/cn.html
模拟开关和多路复用器,https://www.maximintegrated.com/cn/products/analog/analog-switches-multiplexers.html,"模拟, 线性, 混合信号, 半导体-Maxim Integrated",200,https://www.maximintegrated.com/cn.html
模拟滤波器,https://www.maximintegrated.com/cn/products/analog/analog-filters.html,"模拟, 线性, 混合信号, 半导体-Maxim Integrated",200,https://www.maximintegrated.com/cn.html
电压基准,https://www.maximintegrated.com/cn/products/analog/voltage-references.html,"模拟, 线性, 混合信号, 半导体-Maxim Integrated",200,https://www.maximintegrated.com/cn.html
实时时钟,https://www.maximintegrated.com/cn/products/analog/real-time-clocks.html,"模拟, 线性, 混合信号, 半导体-Maxim Integrated",200,https://www.maximintegrated.com/cn.html
时钟发生器与分配器,https://www.maximintegrated.com/cn/products/analog/clock-generation-distribution.html,"模拟, 线性, 混合信号, 半导体-Maxim Integrated",200,https://www.maximintegrated.com/cn.html
接口,https://www.maximintegrated.com/cn/products/interface.html,"模拟, 线性, 混合信号, 半导体-Maxim Integrated",200,https://www.maximintegrated.com/cn.html
收发器,https://www.maximintegrated.com/cn/products/interface/transceivers.html,"模拟, 线性, 混合信号, 半导体-Maxim Integrated",200,https://www.maximintegrated.com/cn.html
IO-LINK收发器和二进制驱动器,https://www.maximintegrated.com/cn/products/interface/io-link-transceivers.html,"模拟, 线性, 混合信号, 半导体-Maxim Integrated",200,https://www.maximintegrated.com/cn.html
控制器/扩展器,https://www.maximintegrated.com/cn/products/interface/controllers-expanders.html,"模拟, 线性, 混合信号, 半导体-Maxim Integrated",200,https://www.maximintegrated.com/cn.html
电平转换器,https://www.maximintegrated.com/cn/products/interface/level-translators.html,"模拟, 线性, 混合信号, 半导体-Maxim Integrated",200,https://www.maximintegrated.com/cn.html
Industrial Digital I/O Interface ICs,https://www.maximintegrated.com/cn/products/interface/industrial-digital-io.html,"模拟, 线性, 混合信号, 半导体-Maxim Integrated",200,https://www.maximintegrated.com/cn.html
隔离IC,https://www.maximintegrated.com/cn/products/interface/isolation.html,"模拟, 线性, 混合信号, 半导体-Maxim Integrated",200,https://www.maximintegrated.com/cn.html
高速信号,https://www.maximintegrated.com/cn/products/interface/high-speed-signaling.html,"模拟, 线性, 混合信号, 半导体-Maxim Integrated",200,https://www.maximintegrated.com/cn.html
通用串行总线(USB)产品,https://www.maximintegrated.com/cn/products/interface/universal-serial-bus.html,"模拟, 线性, 混合信号, 半导体-Maxim Integrated",200,https://www.maximintegrated.com/cn.html
信号线保护IC,https://www.maximintegrated.com/cn/products/interface/signal-line-protection-ics.html,"模拟, 线性, 混合信号, 半导体-Maxim Integrated",200,https://www.maximintegrated.com/cn.html
信号完整性,https://www.maximintegrated.com/cn/products/interface/signal-integrity.html,"模拟, 线性, 混合信号, 半导体-Maxim Integrated",200,https://www.maximintegrated.com/cn.html
4-20mA电流环产品,https://www.maximintegrated.com/cn/products/interface/current-loop-products-4-20ma.html,"模拟, 线性, 混合信号, 半导体-Maxim Integrated",200,https://www.maximintegrated.com/cn.html
宽带开关,https://www.maximintegrated.com/cn/products/interface/broadband-switches.html,"模拟, 线性, 混合信号, 半导体-Maxim Integrated",200,https://www.maximintegrated.com/cn.html
传感器接口IC,https://www.maximintegrated.com/cn/products/interface/sensor-interface.html,"模拟, 线性, 混合信号, 半导体-Maxim Integrated",200,https://www.maximintegrated.com/cn.html
通信,https://www.maximintegrated.com/cn/products/comms.html,"模拟, 线性, 混合信号, 半导体-Maxim Integrated",200,https://www.maximintegrated.com/cn.html
无线通信与RF,https://www.maximintegrated.com/cn/products/comms/wireless-rf.html,"模拟, 线性, 混合信号, 半导体-Maxim Integrated",200,https://www.maximintegrated.com/cn.html
光通信,https://www.maximintegrated.com/cn/products/comms/optical-communications.html,"模拟, 线性, 混合信号, 半导体-Maxim Integrated",200,https://www.maximintegrated.com/cn.html
电力线通信(PLC),https://www.maximintegrated.com/cn/products/comms/powerline-communications.html,"模拟, 线性, 混合信号, 半导体-Maxim Integrated",200,https://www.maximintegrated.com/cn.html
T/E载波与分组交换通信,https://www.maximintegrated.com/cn/products/comms/t-e-carrier-packetized-communications.html,"模拟, 线性, 混合信号, 半导体-Maxim Integrated",200,https://www.maximintegrated.com/cn.html
嵌入式安全系统,https://www.maximintegrated.com/cn/products/embedded-security.html,"模拟, 线性, 混合信号, 半导体-Maxim Integrated",200,https://www.maximintegrated.com/cn.html
安全管理器,https://www.maximintegrated.com/cn/products/embedded-security/security-managers.html,"模拟, 线性, 混合信号, 半导体-Maxim Integrated",200,https://www.maximintegrated.com/cn.html
安全认证器件,https://www.maximintegrated.com/cn/products/embedded-security/secure-authenticators.html,"模拟, 线性, 混合信号, 半导体-Maxim Integrated",200,https://www.maximintegrated.com/cn.html
安全微控制器,https://www.maximintegrated.com/cn/products/embedded-security/secure-microcontrollers.html,"模拟, 线性, 混合信号, 半导体-Maxim Integrated",200,https://www.maximintegrated.com/cn.html
安全NFC标签和RFID读卡器,https://www.maximintegrated.com/cn/products/embedded-security/nfc-rfid-products.html,"模拟, 线性, 混合信号, 半导体-Maxim Integrated",200,https://www.maximintegrated.com/cn.html
微控制器(MCU),https://www.maximintegrated.com/cn/products/microcontrollers.html,"模拟, 线性, 混合信号, 半导体-Maxim Integrated",200,https://www.maximintegrated.com/cn.html
安全微控制器,https://www.maximintegrated.com/cn/products/microcontrollers/secure-microcontrollers.html,"模拟, 线性, 混合信号, 半导体-Maxim Integrated",200,https://www.maximintegrated.com/cn.html
#MakeWithMaxim,https://www.maximintegrated.com/cn/products/microcontrollers/make-with-maxim.html,"模拟, 线性, 混合信号, 半导体-Maxim Integrated",200,https://www.maximintegrated.com/cn.html
超低功耗控制器,https://www.maximintegrated.com/cn/products/microcontrollers/low-power-microcontrollers.html,"模拟, 线性, 混合信号, 半导体-Maxim Integrated",200,https://www.maximintegrated.com/cn.html
iButton and 1-Wire,https://www.maximintegrated.com/cn/products/ibutton-one-wire.html,"模拟, 线性, 混合信号, 半导体-Maxim Integrated",200,https://www.maximintegrated.com/cn.html
iButton,https://www.maximintegrated.com/cn/products/ibutton-one-wire/ibutton.html,"模拟, 线性, 混合信号, 半导体-Maxim Integrated",200,https://www.maximintegrated.com/cn.html
 1-Wire,https://www.maximintegrated.com/cn/products/ibutton-one-wire/one-wire.html,"模拟, 线性, 混合信号, 半导体-Maxim Integrated",200,https://www.maximintegrated.com/cn.html
数据记录器,https://www.maximintegrated.com/cn/products/ibutton-one-wire/data-loggers.html,"模拟, 线性, 混合信号, 半导体-Maxim Integrated",200,https://www.maximintegrated.com/cn.html
存储器产品,https://www.maximintegrated.com/cn/products/ibutton-one-wire/memory-products.html,"模拟, 线性, 混合信号, 半导体-Maxim Integrated",200,https://www.maximintegrated.com/cn.html
产品线汇总,https://www.maximintegrated.com/cn/products/all-products.html,"模拟, 线性, 混合信号, 半导体-Maxim Integrated",200,https://www.maximintegrated.com/cn.html
最新内容,https://www.maximintegrated.com/cn/products/whats-new.html,"模拟, 线性, 混合信号, 半导体-Maxim Integrated",200,https://www.maximintegrated.com/cn.html
应用,https://www.maximintegrated.com/cn.html,"模拟, 线性, 混合信号, 半导体-Maxim Integrated",200,https://www.maximintegrated.com/cn.html
 < Back to Main Menu ,https://www.maximintegrated.com/cn.html,"模拟, 线性, 混合信号, 半导体-Maxim Integrated",200,https://www.maximintegrated.com/cn.html
工业应用,https://www.maximintegrated.com/cn/markets/industrial.html,"模拟, 线性, 混合信号, 半导体-Maxim Integrated",200,https://www.maximintegrated.com/cn.html
工厂自动化,https://www.maximintegrated.com/cn/markets/industrial/factory-automation.html,"模拟, 线性, 混合信号, 半导体-Maxim Integrated",200,https://www.maximintegrated.com/cn.html
传感器和现场仪表,https://www.maximintegrated.com/cn/markets/industrial/sensors-field-instruments.html,"模拟, 线性, 混合信号, 半导体-Maxim Integrated",200,https://www.maximintegrated.com/cn.html
楼宇自动化,https://www.maximintegrated.com/cn/markets/industrial/building-automation.html,"模拟, 线性, 混合信号, 半导体-Maxim Integrated",200,https://www.maximintegrated.com/cn.html
电机控制,https://www.maximintegrated.com/cn/markets/industrial/motor-control.html,"模拟, 线性, 混合信号, 半导体-Maxim Integrated",200,https://www.maximintegrated.com/cn.html
自动测试设备,https://www.maximintegrated.com/cn/markets/industrial/automated-test-equipment.html,"模拟, 线性, 混合信号, 半导体-Maxim Integrated",200,https://www.maximintegrated.com/cn.html
工业物联网(IoT),https://www.maximintegrated.com/cn/markets/industrial/industrial-iot.html,"模拟, 线性, 混合信号, 半导体-Maxim Integrated",200,https://www.maximintegrated.com/cn.html
健康管理,https://www.maximintegrated.com/cn/markets/healthcare.html,"模拟, 线性, 混合信号, 半导体-Maxim Integrated",200,https://www.maximintegrated.com/cn.html
可穿戴产品,https://www.maximintegrated.com/cn/markets/healthcare/wearable.html,"模拟, 线性, 混合信号, 半导体-Maxim Integrated",200,https://www.maximintegrated.com/cn.html
医疗成像,https://www.maximintegrated.com/cn/markets/healthcare/imaging.html,"模拟, 线性, 混合信号, 半导体-Maxim Integrated",200,https://www.maximintegrated.com/cn.html
诊断与治疗,https://www.maximintegrated.com/cn/markets/healthcare/diagnostic-therapy.html,"模拟, 线性, 混合信号, 半导体-Maxim Integrated",200,https://www.maximintegrated.com/cn.html
健康医疗物联网(IoT),https://www.maximintegrated.com/cn/markets/healthcare/healthcare-iot.html,"模拟, 线性, 混合信号, 半导体-Maxim Integrated",200,https://www.maximintegrated.com/cn.html
通信,https://www.maximintegrated.com/cn/markets/communications.html,"模拟, 线性, 混合信号, 半导体-Maxim Integrated",200,https://www.maximintegrated.com/cn.html
有线通信,https://www.maximintegrated.com/cn/markets/communications/cable.html,"模拟, 线性, 混合信号, 半导体-Maxim Integrated",200,https://www.maximintegrated.com/cn.html
光通信,https://www.maximintegrated.com/cn/markets/communications/optical.html,"模拟, 线性, 混合信号, 半导体-Maxim Integrated",200,https://www.maximintegrated.com/cn.html
无线通信,https://www.maximintegrated.com/cn/markets/communications/wireless.html,"模拟, 线性, 混合信号, 半导体-Maxim Integrated",200,https://www.maximintegrated.com/cn.html
汽车电子,https://www.maximintegrated.com/cn/markets/automotive.html,"模拟, 线性, 混合信号, 半导体-Maxim Integrated",200,https://www.maximintegrated.com/cn.html
高级驾驶辅助(ADAS),https://www.maximintegrated.com/cn/markets/automotive/adas.html,"模拟, 线性, 混合信号, 半导体-Maxim Integrated",200,https://www.maximintegrated.com/cn.html
信息娱乐系统,https://www.maximintegrated.com/cn/markets/automotive/infotainment.html,"模拟, 线性, 混合信号, 半导体-Maxim Integrated",200,https://www.maximintegrated.com/cn.html
车身电子,https://www.maximintegrated.com/cn/markets/automotive/body-electronics.html,"模拟, 线性, 混合信号, 半导体-Maxim Integrated",200,https://www.maximintegrated.com/cn.html
电源管理和照明,https://www.maximintegrated.com/cn/markets/automotive/power-management.html,"模拟, 线性, 混合信号, 半导体-Maxim Integrated",200,https://www.maximintegrated.com/cn.html
EV动力系统,https://www.maximintegrated.com/cn/markets/automotive/ev-powertrain.html,"模拟, 线性, 混合信号, 半导体-Maxim Integrated",200,https://www.maximintegrated.com/cn.html
汽车物联网(IoT),https://www.maximintegrated.com/cn/markets/automotive/automotive-iot.html,"模拟, 线性, 混合信号, 半导体-Maxim Integrated",200,https://www.maximintegrated.com/cn.html
汽车LED照明,https://www.maximintegrated.com/cn/markets/automotive/lighting.html,"模拟, 线性, 混合信号, 半导体-Maxim Integrated",200,https://www.maximintegrated.com/cn.html
消费类,https://www.maximintegrated.com/cn/markets/consumer.html,"模拟, 线性, 混合信号, 半导体-Maxim Integrated",200,https://www.maximintegrated.com/cn.html
移动设备,https://www.maximintegrated.com/cn/markets/consumer/mobile.html,"模拟, 线性, 混合信号, 半导体-Maxim Integrated",200,https://www.maximintegrated.com/cn.html
可穿戴产品,https://www.maximintegrated.com/cn/markets/consumer/wearables.html,"模拟, 线性, 混合信号, 半导体-Maxim Integrated",200,https://www.maximintegrated.com/cn.html
耳戴式设备,https://www.maximintegrated.com/cn/markets/consumer/hearables.html,"模拟, 线性, 混合信号, 半导体-Maxim Integrated",200,https://www.maximintegrated.com/cn.html
消费类物联网(IoT),https://www.maximintegrated.com/cn/markets/consumer/consumer-iot.html,"模拟, 线性, 混合信号, 半导体-Maxim Integrated",200,https://www.maximintegrated.com/cn.html
计算,https://www.maximintegrated.com/cn/markets/computing.html,"模拟, 线性, 混合信号, 半导体-Maxim Integrated",200,https://www.maximintegrated.com/cn.html
数据中心,https://www.maximintegrated.com/cn/markets/computing/data-center.html,"模拟, 线性, 混合信号, 半导体-Maxim Integrated",200,https://www.maximintegrated.com/cn.html
服务器,https://www.maximintegrated.com/cn/markets/computing/servers.html,"模拟, 线性, 混合信号, 半导体-Maxim Integrated",200,https://www.maximintegrated.com/cn.html
安全计算,https://www.maximintegrated.com/cn/markets/computing/secure-computing.html,"模拟, 线性, 混合信号, 半导体-Maxim Integrated",200,https://www.maximintegrated.com/cn.html
太阳能,https://www.maximintegrated.com/cn/markets/solar-energy.html,"模拟, 线性, 混合信号, 半导体-Maxim Integrated",200,https://www.maximintegrated.com/cn.html
物联网(IoT),https://www.maximintegrated.com/cn/markets/internet-of-things.html,"模拟, 线性, 混合信号, 半导体-Maxim Integrated",200,https://www.maximintegrated.com/cn.html
IoT平台,https://www.maximintegrated.com/cn/markets/internet-of-things/iot-platform.html,"模拟, 线性, 混合信号, 半导体-Maxim Integrated",200,https://www.maximintegrated.com/cn.html
军工和航天航空,https://www.maximintegrated.com/cn/markets/military-aerospace.html,"模拟, 线性, 混合信号, 半导体-Maxim Integrated",200,https://www.maximintegrated.com/cn.html
基础模拟IC,https://www.maximintegrated.com/cn/markets/essential-analog-ics.html,"模拟, 线性, 混合信号, 半导体-Maxim Integrated",200,https://www.maximintegrated.com/cn.html
Rugged Connectivity,https://www.maximintegrated.com/cn/markets/essential-analog-ics/rugged-connectivity.html,"模拟, 线性, 混合信号, 半导体-Maxim Integrated",200,https://www.maximintegrated.com/cn.html
Reliable Protection,https://www.maximintegrated.com/cn/markets/essential-analog-ics/reliable-protection.html,"模拟, 线性, 混合信号, 半导体-Maxim Integrated",200,https://www.maximintegrated.com/cn.html
Precision Measurement,https://www.maximintegrated.com/cn/markets/essential-analog-ics/precision-measurement.html,"模拟, 线性, 混合信号, 半导体-Maxim Integrated",200,https://www.maximintegrated.com/cn.html
Efficient Power,https://www.maximintegrated.com/cn/markets/essential-analog-ics/efficient-power.html,"模拟, 线性, 混合信号, 半导体-Maxim Integrated",200,https://www.maximintegrated.com/cn.html
市场应用汇总,https://www.maximintegrated.com/cn/markets/all-markets.html,"模拟, 线性, 混合信号, 半导体-Maxim Integrated",200,https://www.maximintegrated.com/cn.html
设计资源,https://www.maximintegrated.com/cn.html,"模拟, 线性, 混合信号, 半导体-Maxim Integrated",200,https://www.maximintegrated.com/cn.html
 < Back to Main Menu ,https://www.maximintegrated.com/cn.html,"模拟, 线性, 混合信号, 半导体-Maxim Integrated",200,https://www.maximintegrated.com/cn.html
概览,https://www.maximintegrated.com/cn/design/overview.html,"模拟, 线性, 混合信号, 半导体-Maxim Integrated",200,https://www.maximintegrated.com/cn.html
技术文档,https://www.maximintegrated.com/cn/design/technical-documents.html,"模拟, 线性, 混合信号, 半导体-Maxim Integrated",200,https://www.maximintegrated.com/cn.html
参考设计,https://www.maximintegrated.com/cn/design/reference-design-center.html,"模拟, 线性, 混合信号, 半导体-Maxim Integrated",200,https://www.maximintegrated.com/cn.html
技术培训,https://www.maximintegrated.com/cn/design/technical-training.html,"模拟, 线性, 混合信号, 半导体-Maxim Integrated",200,https://www.maximintegrated.com/cn.html
合作伙伴及技术,https://www.maximintegrated.com/cn/design/partners-and-technology.html,"模拟, 线性, 混合信号, 半导体-Maxim Integrated",200,https://www.maximintegrated.com/cn.html
视频中心,https://www.maximintegrated.com/cn/design/videos.html,"模拟, 线性, 混合信号, 半导体-Maxim Integrated",200,https://www.maximintegrated.com/cn.html
设计工具,https://www.maximintegrated.com/cn/design/design-tools.html,"模拟, 线性, 混合信号, 半导体-Maxim Integrated",200,https://www.maximintegrated.com/cn.html
封装,https://www.maximintegrated.com/cn/design/packaging.html,"模拟, 线性, 混合信号, 半导体-Maxim Integrated",200,https://www.maximintegrated.com/cn.html
竞品替换查询,https://www.maximintegrated.com/cn/design/cross-reference-search.html,"模拟, 线性, 混合信号, 半导体-Maxim Integrated",200,https://www.maximintegrated.com/cn.html
Maxim博客,https://www.maximintegrated.com/cn/design/blog.html,"模拟, 线性, 混合信号, 半导体-Maxim Integrated",200,https://www.maximintegrated.com/cn.html
客户案例,https://www.maximintegrated.com/cn/design/customer-testimonials.html,"模拟, 线性, 混合信号, 半导体-Maxim Integrated",200,https://www.maximintegrated.com/cn.html
支持,https://www.maximintegrated.com/cn.html,"模拟, 线性, 混合信号, 半导体-Maxim Integrated",200,https://www.maximintegrated.com/cn.html
 < Back to Main Menu ,https://www.maximintegrated.com/cn.html,"模拟, 线性, 混合信号, 半导体-Maxim Integrated",200,https://www.maximintegrated.com/cn.html
支持中心,https://www.maximintegrated.com/cn/support/overview.html,"模拟, 线性, 混合信号, 半导体-Maxim Integrated",200,https://www.maximintegrated.com/cn.html
质量担保与可靠性,https://www.maximintegrated.com/cn/support/qa-reliability.html,"模拟, 线性, 混合信号, 半导体-Maxim Integrated",200,https://www.maximintegrated.com/cn.html
环境管理与产品可持续性,https://www.maximintegrated.com/cn/support/emmi.html,"模拟, 线性, 混合信号, 半导体-Maxim Integrated",200,https://www.maximintegrated.com/cn.html
从知识库搜索答案,https://www.maximintegrated.com/cn/support/knowledge-base-search.html,"模拟, 线性, 混合信号, 半导体-Maxim Integrated",200,https://www.maximintegrated.com/cn.html
订购产品,https://www.maximintegrated.com/cn.html,"模拟, 线性, 混合信号, 半导体-Maxim Integrated",200,https://www.maximintegrated.com/cn.html
 < Back to Main Menu ,https://www.maximintegrated.com/cn.html,"模拟, 线性, 混合信号, 半导体-Maxim Integrated",200,https://www.maximintegrated.com/cn.html
搜索价格&可用库存,https://www.maximintegrated.com/cn/storefront/search_result.html,"模拟, 线性, 混合信号, 半导体-Maxim Integrated",200,https://www.maximintegrated.com/cn.html
"购买产品, 申请报价或样品",https://www.maximintegrated.com/cn/storefront/storefront.html,"模拟, 线性, 混合信号, 半导体-Maxim Integrated",200,https://www.maximintegrated.com/cn.html
我的订单,https://www.maximintegrated.com/cn/storefront/my-orders.html,"模拟, 线性, 混合信号, 半导体-Maxim Integrated",200,https://www.maximintegrated.com/cn.html
我的询价单,https://www.maximintegrated.com/cn/storefront/my-quotes.html,"模拟, 线性, 混合信号, 半导体-Maxim Integrated",200,https://www.maximintegrated.com/cn.html
关于我们,https://www.maximintegrated.com/cn.html,"模拟, 线性, 混合信号, 半导体-Maxim Integrated",200,https://www.maximintegrated.com/cn.html
 < Back to Main Menu ,https://www.maximintegrated.com/cn.html,"模拟, 线性, 混合信号, 半导体-Maxim Integrated",200,https://www.maximintegrated.com/cn.html
公司简介,https://www.maximintegrated.com/cn/aboutus/maxim-profile.html,"模拟, 线性, 混合信号, 半导体-Maxim Integrated",200,https://www.maximintegrated.com/cn.html
投资者关系,https://www.maximintegrated.com/cn/aboutus/investor-relations.html,"模拟, 线性, 混合信号, 半导体-Maxim Integrated",200,https://www.maximintegrated.com/cn.html
活动中心,https://www.maximintegrated.com/cn/aboutus/events.html,"模拟, 线性, 混合信号, 半导体-Maxim Integrated",200,https://www.maximintegrated.com/cn.html
招贤纳士,https://www.maximintegrated.com/cn/aboutus/careers.html,"模拟, 线性, 混合信号, 半导体-Maxim Integrated",200,https://www.maximintegrated.com/cn.html
全球分支,https://www.maximintegrated.com/cn/aboutus/worldwide-locations.html,"模拟, 线性, 混合信号, 半导体-Maxim Integrated",200,https://www.maximintegrated.com/cn.html
企业责任,https://www.maximintegrated.com/cn/aboutus/corporate-responsibility.html,"模拟, 线性, 混合信号, 半导体-Maxim Integrated",200,https://www.maximintegrated.com/cn.html
管理团队,https://www.maximintegrated.com/cn/aboutus/leadership.html,"模拟, 线性, 混合信号, 半导体-Maxim Integrated",200,https://www.maximintegrated.com/cn.html
公司政策,https://www.maximintegrated.com/cn/aboutus/maxim-corporate-policies.html,"模拟, 线性, 混合信号, 半导体-Maxim Integrated",200,https://www.maximintegrated.com/cn.html
联系我们,https://www.maximintegrated.com/cn/aboutus/contact-us.html,"模拟, 线性, 混合信号, 半导体-Maxim Integrated",200,https://www.maximintegrated.com/cn.html
法律声明,https://www.maximintegrated.com/cn/aboutus/legal.html,"模拟, 线性, 混合信号, 半导体-Maxim Integrated",200,https://www.maximintegrated.com/cn.html
新闻中心,https://www.maximintegrated.com/cn/aboutus/newsroom.html,"模拟, 线性, 混合信号, 半导体-Maxim Integrated",200,https://www.maximintegrated.com/cn.html
 ,https://www.maximintegrated.com/cn.html,"模拟, 线性, 混合信号, 半导体-Maxim Integrated",200,https://www.maximintegrated.com/cn.html
,https://www.maximintegrated.com/cn.html#myMaxDialog,"模拟, 线性, 混合信号, 半导体-Maxim Integrated",200,https://www.maximintegrated.com/cn.html
登录,https://www.maximintegrated.com/cn.html,"模拟, 线性, 混合信号, 半导体-Maxim Integrated",200,https://www.maximintegrated.com/cn.html
注册,https://www.maximintegrated.com/cn.html,"模拟, 线性, 混合信号, 半导体-Maxim Integrated",200,https://www.maximintegrated.com/cn.html
My Maxim,https://www.maximintegrated.com/cn.html#myMaxDialog,"模拟, 线性, 混合信号, 半导体-Maxim Integrated",200,https://www.maximintegrated.com/cn.html
,https://www.maximintegrated.com/cn/aboutus/newsroom.html/pr_159536724,"模拟, 线性, 混合信号, 半导体-Maxim Integrated",200,https://www.maximintegrated.com/cn.html
 4.5V至60V，3A高效率，带有集成电感的DC-DC降压SiP电源模块 ,https://www.maximintegrated.com/cn/products/power/switching-regulators/MAXM17537.html,"模拟, 线性, 混合信号, 半导体-Maxim Integrated",200,https://www.maximintegrated.com/cn.html
 ,https://www.maximintegrated.com/cn/products/power/switching-regulators/MAXM17537.html,"模拟, 线性, 混合信号, 半导体-Maxim Integrated",200,https://www.maximintegrated.com/cn.html
MAXM17537,https://www.maximintegrated.com/cn/products/power/switching-regulators/MAXM17537.html,"模拟, 线性, 混合信号, 半导体-Maxim Integrated",200,https://www.maximintegrated.com/cn.html
 同步升降压LED控制器 ,https://www.maximintegrated.com/cn/products/power/led-drivers/MAX25601A.html,"模拟, 线性, 混合信号, 半导体-Maxim Integrated",200,https://www.maximintegrated.com/cn.html
 ,https://www.maximintegrated.com/cn/products/power/led-drivers/MAX25601A.html,"模拟, 线性, 混合信号, 半导体-Maxim Integrated",200,https://www.maximintegrated.com/cn.html
MAX25601A,https://www.maximintegrated.com/cn/products/power/led-drivers/MAX25601A.html,"模拟, 线性, 混合信号, 半导体-Maxim Integrated",200,https://www.maximintegrated.com/cn.html
 基于手腕数据采集的SpO2、HR和HRV健康传感器平台 ,https://www.maximintegrated.com/cn/products/MAXREFDES103,"模拟, 线性, 混合信号, 半导体-Maxim Integrated",200,https://www.maximintegrated.com/cn.html
 ,https://www.maximintegrated.com/cn/products/MAXREFDES103,"模拟, 线性, 混合信号, 半导体-Maxim Integrated",200,https://www.maximintegrated.com/cn.html
MAXREFDES103,https://www.maximintegrated.com/cn/products/MAXREFDES103,"模拟, 线性, 混合信号, 半导体-Maxim Integrated",200,https://www.maximintegrated.com/cn.html
 具备ChipDNA-PUF保护的DeepCover安全ECDSA双向认证器 ,https://www.maximintegrated.com/cn/products/DS28C39,"模拟, 线性, 混合信号, 半导体-Maxim Integrated",200,https://www.maximintegrated.com/cn.html
 ,https://www.maximintegrated.com/cn/products/DS28C39,"模拟, 线性, 混合信号, 半导体-Maxim Integrated",200,https://www.maximintegrated.com/cn.html
DS28C39,https://www.maximintegrated.com/cn/products/DS28C39,"模拟, 线性, 混合信号, 半导体-Maxim Integrated",200,https://www.maximintegrated.com/cn.html
 一次性可编程（OTP）的工业传感输出驱动器 ,https://www.maximintegrated.com/cn/products/MAX22520,"模拟, 线性, 混合信号, 半导体-Maxim Integrated",200,https://www.maximintegrated.com/cn.html
 ,https://www.maximintegrated.com/cn/products/MAX22520,"模拟, 线性, 混合信号, 半导体-Maxim Integrated",200,https://www.maximintegrated.com/cn.html
MAX22520,https://www.maximintegrated.com/cn/products/MAX22520,"模拟, 线性, 混合信号, 半导体-Maxim Integrated",200,https://www.maximintegrated.com/cn.html
 在WLP或QFN中使用14V输入、3A高效Buck变换器 ,https://www.maximintegrated.com/cn/products/MAX77504,"模拟, 线性, 混合信号, 半导体-Maxim Integrated",200,https://www.maximintegrated.com/cn.html
 ,https://www.maximintegrated.com/cn/products/MAX77504,"模拟, 线性, 混合信号, 半导体-Maxim Integrated",200,https://www.maximintegrated.com/cn.html
MAX77504,https://www.maximintegrated.com/cn/products/MAX77504,"模拟, 线性, 混合信号, 半导体-Maxim Integrated",200,https://www.maximintegrated.com/cn.html
See all new products ›,https://www.maximintegrated.com/en/products/whats-new.html,"模拟, 线性, 混合信号, 半导体-Maxim Integrated",200,https://www.maximintegrated.com/cn.html
,https://maximsupport.microsoftcrmportals.com/zh-CN/tech-support/,"模拟, 线性, 混合信号, 半导体-Maxim Integrated",200,https://www.maximintegrated.com/cn.html
,https://www.maximintegrated.com/cn/design/design-tools/ee-sim.html,"模拟, 线性, 混合信号, 半导体-Maxim Integrated",200,https://www.maximintegrated.com/cn.html
 ,https://maximsupport.microsoftcrmportals.com/zh-CN/knowledgebase/,"模拟, 线性, 混合信号, 半导体-Maxim Integrated",200,https://www.maximintegrated.com/cn.html
 ,https://www.maximintegrated.com/cn/products/whats-new.html,"模拟, 线性, 混合信号, 半导体-Maxim Integrated",200,https://www.maximintegrated.com/cn.html
ADAS,https://www.maximintegrated.com/cn/markets/automotive/adas.html,"模拟, 线性, 混合信号, 半导体-Maxim Integrated",200,https://www.maximintegrated.com/cn.html
 ,https://www.maximintegrated.com/cn/markets/automotive/adas.html,"模拟, 线性, 混合信号, 半导体-Maxim Integrated",200,https://www.maximintegrated.com/cn.html
了解更多,https://www.maximintegrated.com/cn/markets/automotive/adas.html,"模拟, 线性, 混合信号, 半导体-Maxim Integrated",200,https://www.maximintegrated.com/cn.html
 工厂自动化系统 ,https://www.maximintegrated.com/cn/markets/industrial/factory-automation.html,"模拟, 线性, 混合信号, 半导体-Maxim Integrated",200,https://www.maximintegrated.com/cn.html
 ,https://www.maximintegrated.com/cn/markets/industrial/factory-automation.html,"模拟, 线性, 混合信号, 半导体-Maxim Integrated",200,https://www.maximintegrated.com/cn.html
了解更多,https://www.maximintegrated.com/cn/markets/industrial/factory-automation.html,"模拟, 线性, 混合信号, 半导体-Maxim Integrated",200,https://www.maximintegrated.com/cn.html
 可穿戴应用,https://www.maximintegrated.com/cn/markets/healthcare/wearable.html,"模拟, 线性, 混合信号, 半导体-Maxim Integrated",200,https://www.maximintegrated.com/cn.html
 ,https://www.maximintegrated.com/cn/markets/healthcare/wearable.html,"模拟, 线性, 混合信号, 半导体-Maxim Integrated",200,https://www.maximintegrated.com/cn.html
了解更多,https://www.maximintegrated.com/cn/markets/healthcare/wearable.html,"模拟, 线性, 混合信号, 半导体-Maxim Integrated",200,https://www.maximintegrated.com/cn.html
 基础模拟 IC,https://www.maximintegrated.com/cn/markets/essential-analog-ics.html,"模拟, 线性, 混合信号, 半导体-Maxim Integrated",200,https://www.maximintegrated.com/cn.html
 ,https://www.maximintegrated.com/cn/markets/essential-analog-ics.html,"模拟, 线性, 混合信号, 半导体-Maxim Integrated",200,https://www.maximintegrated.com/cn.html
了解更多,https://www.maximintegrated.com/cn/markets/essential-analog-ics.html,"模拟, 线性, 混合信号, 半导体-Maxim Integrated",200,https://www.maximintegrated.com/cn.html
应用笔记,https://www.maximintegrated.com/cn/design/technical-documents/index.html,"模拟, 线性, 混合信号, 半导体-Maxim Integrated",200,https://www.maximintegrated.com/cn.html
参考设计,https://www.maximintegrated.com/cn/design/reference-design-center.html,"模拟, 线性, 混合信号, 半导体-Maxim Integrated",200,https://www.maximintegrated.com/cn.html
技术培训,https://www.maximintegrated.com/cn/design/technical-documents/index.html/tutorials/products/all-products,"模拟, 线性, 混合信号, 半导体-Maxim Integrated",200,https://www.maximintegrated.com/cn.html
设计方案,https://www.maximintegrated.com/cn/design/technical-documents/design-solutions.html,"模拟, 线性, 混合信号, 半导体-Maxim Integrated",200,https://www.maximintegrated.com/cn.html
白皮书,https://www.maximintegrated.com/cn/design/technical-documents/white-papers.html,"模拟, 线性, 混合信号, 半导体-Maxim Integrated",200,https://www.maximintegrated.com/cn.html
视频,https://www.maximintegrated.com/cn/design/videos.html,"模拟, 线性, 混合信号, 半导体-Maxim Integrated",200,https://www.maximintegrated.com/cn.html
 ,https://www.linkedin.com/company/maxim-integrated,"模拟, 线性, 混合信号, 半导体-Maxim Integrated",200,https://www.maximintegrated.com/cn.html
 ,https://www.maximintegrated.com/cn/aboutus/newsroom.html,"模拟, 线性, 混合信号, 半导体-Maxim Integrated",200,https://www.maximintegrated.com/cn.html
 ,https://www.maximintegrated.com/cn/aboutus/events.html,"模拟, 线性, 混合信号, 半导体-Maxim Integrated",200,https://www.maximintegrated.com/cn.html
 ,https://www.maximintegrated.com/cn/design/blog.html,"模拟, 线性, 混合信号, 半导体-Maxim Integrated",200,https://www.maximintegrated.com/cn.html
关于我们,https://www.maximintegrated.com/cn/aboutus/maxim-profile.html,"模拟, 线性, 混合信号, 半导体-Maxim Integrated",200,https://www.maximintegrated.com/cn.html
客户案例,https://www.maximintegrated.com/cn/design/customer-testimonials.html,"模拟, 线性, 混合信号, 半导体-Maxim Integrated",200,https://www.maximintegrated.com/cn.html
招贤纳士,https://www.maximintegrated.com/cn/aboutus/careers.html,"模拟, 线性, 混合信号, 半导体-Maxim Integrated",200,https://www.maximintegrated.com/cn.html
联系我们,https://www.maximintegrated.com/cn/aboutus/contact-us.html,"模拟, 线性, 混合信号, 半导体-Maxim Integrated",200,https://www.maximintegrated.com/cn.html
客户支持,https://maximsupport.microsoftcrmportals.com/zh-CN/cust-support/,"模拟, 线性, 混合信号, 半导体-Maxim Integrated",200,https://www.maximintegrated.com/cn.html
技术支持,https://maximsupport.microsoftcrmportals.com/zh-CN/tech-support/,"模拟, 线性, 混合信号, 半导体-Maxim Integrated",200,https://www.maximintegrated.com/cn.html
订购过程中的常见问题问答,https://www.maximintegrated.com/cn/support/faqs/ordering-faq.html,"模拟, 线性, 混合信号, 半导体-Maxim Integrated",200,https://www.maximintegrated.com/cn.html
全球授权经销商,https://www.maximintegrated.com/cn/aboutus/contact-us/distributor-offices.html,"模拟, 线性, 混合信号, 半导体-Maxim Integrated",200,https://www.maximintegrated.com/cn.html
投资者关系,http://investor.maximintegrated.com/home/default.aspx,"模拟, 线性, 混合信号, 半导体-Maxim Integrated",200,https://www.maximintegrated.com/cn.html
企业责任,http://investor.maximintegrated.com/corporate-responsibility/default.aspx,"模拟, 线性, 混合信号, 半导体-Maxim Integrated",200,https://www.maximintegrated.com/cn.html
 联系我们 ,https://www.maximintegrated.com/cn/aboutus/contact-us.html,"模拟, 线性, 混合信号, 半导体-Maxim Integrated",200,https://www.maximintegrated.com/cn.html
 招贤纳士 ,https://www.maximintegrated.com/cn/aboutus/careers.html,"模拟, 线性, 混合信号, 半导体-Maxim Integrated",200,https://www.maximintegrated.com/cn.html
 法律声明 ,https://www.maximintegrated.com/cn/aboutus/legal.html,"模拟, 线性, 混合信号, 半导体-Maxim Integrated",200,https://www.maximintegrated.com/cn.html
 隐私权政策 ,https://www.maximintegrated.com/cn/aboutus/legal/privacy-policy.html,"模拟, 线性, 混合信号, 半导体-Maxim Integrated",200,https://www.maximintegrated.com/cn.html
 Cookie 政策 ,https://www.maximintegrated.com/cn/aboutus/legal/privacy-policy/cookie-policy.html,"模拟, 线性, 混合信号, 半导体-Maxim Integrated",200,https://www.maximintegrated.com/cn.html
 网站地图 ,https://www.maximintegrated.com/cn/site-map.html,"模拟, 线性, 混合信号, 半导体-Maxim Integrated",200,https://www.maximintegrated.com/cn.html
 沪ICP备15041221号 ,http://www.miitbeian.gov.cn,"模拟, 线性, 混合信号, 半导体-Maxim Integrated",200,https://www.maximintegrated.com/cn.html
 沪公网安备 31011502007241号 ,http://www.beian.gov.cn/portal/registerSystemInfo?recordcode=31011502007241,"模拟, 线性, 混合信号, 半导体-Maxim Integrated",200,https://www.maximintegrated.com/cn.html
Learn More,https://www.maximintegrated.com/en/aboutus/legal/privacy-policy.html#cookies,"Maxim Integrated - Analog, Linear, and Mixed-Signal Devices ",200,https://www.maximintegrated.com/en.html
 ,https://www.maximintegrated.com/en.html,"Maxim Integrated - Analog, Linear, and Mixed-Signal Devices ",200,https://www.maximintegrated.com/en.html
日本語,https://www.maximintegrated.com/jp.html,"Maxim Integrated - Analog, Linear, and Mixed-Signal Devices ",200,https://www.maximintegrated.com/en.html
中文,https://www.maximintegrated.com/cn.html,"Maxim Integrated - Analog, Linear, and Mixed-Signal Devices ",200,https://www.maximintegrated.com/en.html
